<?xml version="1.0" encoding="UTF-8"?>

<!DOCTYPE struts PUBLIC
        "-//Apache Software Foundation//DTD Struts Configuration 2.5//EN"
        "http://struts.apache.org/dtds/struts-2.5.dtd">

<struts>
    <package name="struts2" extends="struts-default">
        <action name="queryByPrice" class="Action.searchBooksByPriceAction">
            <result name="success">/WEB-INF/jsps/showBooks.jsp</result>
        </action>
        <action name="queryByName" class="Action.searchBooksByNameAction">
            <result name="success">/WEB-INF/jsps/showBooks.jsp</result>
        </action>
    </package>
</struts>