<?xml version="1.0" encoding="UTF-8"?>

<!DOCTYPE struts PUBLIC
        "-//Apache Software Foundation//DTD Struts Configuration 2.5//EN"
        "http://struts.apache.org/dtds/struts-2.5.dtd">

<struts>
    <package name="struts2" extends="struts-default">
        <action name="queryByKeyWord" class="queryBook">
            <result name="success">/WEB-INF/JSP/showBook.jsp</result>
        </action>
        <action name="deleteBook" class="deleteBook">
            <result name="success">/WEB-INF/JSP/showAllBooks.jsp</result>
        </action>
    </package>
</struts>